title,url,full_text_url
Effect of attentive fixation in macaque thalamus and cortex,https://journals.physiology.org/doi/abs/10.1152/jn.2001.85.1.219,https://journals.physiology.org/doi/pdf/10.1152/jn.2001.85.1.219
The primate motor thalamus,https://www.sciencedirect.com/science/article/pii/0165017396000033,https://www.sciencedirect.com/science/article/pii/0165017396000033
Distribution of the dopamine innervation in the macaque and human thalamus,https://www.sciencedirect.com/science/article/pii/S1053811906007609,https://www.sciencedirect.com/science/article/pii/S1053811906007609
Thalamocortical connections of the parabelt auditory cortex in macaque monkeys,https://onlinelibrary.wiley.com/doi/abs/10.1002/(SICI)1096-9861(19981019)400:2%3C271::AID-CNE8%3E3.0.CO;2-6,https://onlinelibrary.wiley.com/doi/pdf/10.1002/(SICI)1096-9861(19981019)400:2%3C271::AID-CNE8%3E3.0.CO;2-6
Crossed corticothalamic and thalamocortical connections of macaque prefrontal cortex,https://onlinelibrary.wiley.com/doi/abs/10.1002/cne.902570211,https://onlinelibrary.wiley.com/doi/pdf/10.1002/cne.902570211
Gravity orientation tuning in macaque anterior thalamus,https://www.nature.com/articles/nn.4423,https://www.nature.com/articles/nn.4423
The organization of projections from the mediodorsal nucleus of the thalamus to orbital and medial prefrontal cortex in macaque monkeys,https://onlinelibrary.wiley.com/doi/abs/10.1002/cne.903370102,https://onlinelibrary.wiley.com/doi/pdf/10.1002/cne.903370102
Corticocortical and thalamocortical information flow in the primate visual system,https://www.sciencedirect.com/science/article/pii/S0079612305490135,http://brainvis.wustl.edu/resources/VE_PBR05.pdf
Large-scale reorganization in the somatosensory cortex and thalamus after sensory loss in macaque monkeys,https://www.jneurosci.org/content/28/43/11042.short,https://www.jneurosci.org/content/jneuro/28/43/11042.full.pdf
Segregated thalamocortical pathways to inferior parietal and inferotemporal cortex in macaque monkey,https://www.cambridge.org/core/journals/visual-neuroscience/article/segregated-thalamocortical-pathways-to-inferior-parietal-and-inferotemporal-cortex-in-macaque-monkey/D15415AF6BF28483F6B6676F4EA32B81,not found
Gain control in the visual thalamus during perception and cognition,https://www.sciencedirect.com/science/article/pii/S095943880900049X,https://www.sciencedirect.com/science/article/pii/S095943880900049X
The termination of ascending tracts in the thalamus of the macaque monkey,https://www.ncbi.nlm.nih.gov/pmc/articles/PMC1252781/,https://www.ncbi.nlm.nih.gov/pmc/articles/PMC1252781/pdf/janat00530-0016.pdf
The primate thalamus is a key target for brain dopamine,https://www.jneurosci.org/content/25/26/6076.short,https://www.jneurosci.org/content/jneuro/25/26/6076.full.pdf
Thalamocortical and the dual pattern of corticothalamic projections of the posterior parietal cortex in macaque monkeys,https://www.sciencedirect.com/science/article/pii/S030645220700187X,https://doc.rero.ch/record/8154/files/rouiller_tdp.pdf
Independence and merger of thalamocortical channels within macaque monkey primary visual cortex: anatomy of interlaminar projections,https://www.cambridge.org/core/journals/visual-neuroscience/article/independence-and-merger-of-thalamocortical-channels-within-macaque-monkey-primary-visual-cortex-anatomy-of-interlaminar-projections/C43E2C4F18D0C32CB8C7C8595FE3D31D,not found
Arborisation pattern and postsynaptic targets of physiologically identified thalamocortical afferents in striate cortex of the macaque monkey,https://onlinelibrary.wiley.com/doi/abs/10.1002/cne.902890211,https://onlinelibrary.wiley.com/doi/pdf/10.1002/cne.902890211
Thalamocortical connections of parietal somatosensory cortical fields in macaque monkeys are highly divergent and convergent,https://academic.oup.com/cercor/article-abstract/19/9/2038/279997,https://academic.oup.com/cercor/article/19/9/2038/279997
Spatial–temporal topography in neurogenesis of the macaque thalamus,https://link.springer.com/article/10.1007/s00429-022-02463-4,https://link.springer.com/article/10.1007/s00429-022-02463-4
Data-driven multiscale model of macaque auditory thalamocortical circuits reproduces in vivo dynamics,https://www.biorxiv.org/content/10.1101/2022.02.03.479036.abstract,https://www.biorxiv.org/content/biorxiv/early/2022/04/29/2022.02.03.479036.full.pdf
Body representation in ventrobasal thalamus of macaque: a single-unit analysis,https://journals.physiology.org/doi/pdf/10.1152/jn.1977.40.6.1339,https://journals.physiology.org/doi/pdf/10.1152/jn.1977.40.6.1339
"Projections from the entorhinal cortex, perirhinal cortex, presubiculum, and parasubiculum to the medial thalamus in macaque monkeys: identifying different …",https://link.springer.com/article/10.1007/s00221-005-2361-3,https://link.springer.com/article/10.1007/s00221-005-2361-3
Medial lemniscal and spinal projections to the macaque thalamus: an electron microscopic study of differing GABAergic circuitry serving thalamic somatosensory …,https://www.jneurosci.org/content/14/5/2485.short,https://www.jneurosci.org/content/jneuro/14/5/2485.full.pdf
Retrograde analyses of spinothalamic projections in the macaque monkey: input to posterolateral thalamus,https://onlinelibrary.wiley.com/doi/abs/10.1002/cne.21155,https://onlinelibrary.wiley.com/doi/pdf/10.1002/cne.21155
Distribution of nociceptive neurons in the ventrobasal complex of macaque thalamus,https://www.sciencedirect.com/science/article/pii/S0168010298000212,https://www.sciencedirect.com/science/article/pii/S0168010298000212
Distribution of the noradrenaline innervation and adrenoceptors in the macaque monkey thalamus,https://academic.oup.com/cercor/article-abstract/31/9/4115/6276648,https://academic.oup.com/cercor/article/31/9/4115/6276648
Dopamine innervation in the thalamus: monkey versus rat,https://academic.oup.com/cercor/article-abstract/19/2/424/344560,https://academic.oup.com/cercor/article/19/2/424/344560
A population of cholinergic neurons is present in the macaque monkey thalamus,https://onlinelibrary.wiley.com/doi/abs/10.1046/j.1460-9568.1998.00246.x,https://onlinelibrary.wiley.com/doi/pdf/10.1046/j.1460-9568.1998.00246.x
"Acetylcholinesterase histochemistry in the macaque thalamus reveals territories selectively connected to frontal, parietal and temporal association cortices",https://www.sciencedirect.com/science/article/pii/089106189500050H,"/scholar?output=instlink&q=info:X2kGltmrF8wJ:scholar.google.com/&hl=en&as_sdt=1,5&scillfp=3330457321099132783&oi=lle"
Comparing thalamocortical and corticothalamic microstructure and spatial reciprocity in the macaque ventral posterolateral nucleus (VPLc) and medial pulvinar,https://onlinelibrary.wiley.com/doi/abs/10.1002/(SICI)1096-9861(19990726)410:2%3C211::AID-CNE4%3E3.0.CO;2-X,https://onlinelibrary.wiley.com/doi/pdf/10.1002/(SICI)1096-9861(19990726)410:2%3C211::AID-CNE4%3E3.0.CO;2-X
Progressive transneuronal changes in the brainstem and thalamus after long-term dorsal rhizotomies in adult macaque monkeys,https://www.jneurosci.org/content/20/10/3884.short,https://www.jneurosci.org/content/jneuro/20/10/3884.full.pdf
Drivers of the primate thalamus,https://www.jneurosci.org/content/32/49/17894.short,https://www.jneurosci.org/content/jneuro/32/49/17894.full.pdf
Divergence and convergence of thalamocortical projections to premotor and supplementary motor cortex: a multiple tracing study in the macaque monkey,https://onlinelibrary.wiley.com/doi/abs/10.1111/j.1460-9568.2005.03921.x,https://onlinelibrary.wiley.com/doi/pdf/10.1111/j.1460-9568.2005.03921.x
"Widespread optogenetic expression in macaque cortex obtained with MR-guided, convection enhanced delivery (CED) of AAV vector to the thalamus",https://www.sciencedirect.com/science/article/pii/S0165027017303631,https://www.sciencedirect.com/science/article/pii/S0165027017303631
"Distinct, parallel pathways link the medial mammillary bodies to the anterior thalamus in macaque monkeys",https://onlinelibrary.wiley.com/doi/abs/10.1111/j.1460-9568.2007.05773.x,https://onlinelibrary.wiley.com/doi/pdf/10.1111/j.1460-9568.2007.05773.x
The projection from the dorsal lateral geniculate nucleus of the thalamus to extrastriate visual association cortex in the macaque monkey,https://www.sciencedirect.com/science/article/pii/0304394081900719,"/scholar?output=instlink&q=info:M2RCVV5Tx9kJ:scholar.google.com/&hl=en&as_sdt=1,5&scillfp=4168350358905293153&oi=lle"
Cognitive and perceptual functions of the visual thalamus,https://www.cell.com/neuron/pdf/S0896-6273(11)00557-5.pdf,https://www.cell.com/neuron/pdf/S0896-6273(11)00557-5.pdf
Origin of thalamocortical projections to the presupplementary motor area (pre-SMA) in the macaque monkey,https://www.sciencedirect.com/science/article/pii/0168010296010450,"/scholar?output=instlink&q=info:_g6dICsVSqMJ:scholar.google.com/&hl=en&as_sdt=1,5&scillfp=17631235921035492694&oi=lle"
Neural activity in the visual thalamus reflects perceptual suppression,https://www.pnas.org/doi/abs/10.1073/pnas.0900714106,https://www.pnas.org/doi/full/10.1073/pnas.0900714106
"… of the ventroposterior nucleus of the thalamus with the body surface representations in cortical areas 3b and 1 of the cynomolgus macaque, (Macaca fascicularis)",https://onlinelibrary.wiley.com/doi/abs/10.1002/cne.901990104,https://onlinelibrary.wiley.com/doi/pdf/10.1002/cne.901990104
Thalamocortical connections of the parietal ventral area (PV) and the second somatosensory area (S2) in macaque monkeys,https://www.cambridge.org/core/journals/thalamus-and-related-systems/article/thalamocortical-connections-of-the-parietal-ventral-area-pv-and-the-second-somatosensory-area-s2-in-macaque-monkeys/90AB5F52C52DCA559D24E8C82C13F177,https://enpubs.faculty.ucdavis.edu/wp-content/uploads/sites/209/2015/03/Disbrow-et-al_2002-Thalamocoretical-connections-of-the-parietal-ventral-area-and-the-second.pdf
Thalamo‐cortical projections to the macaque superior parietal lobule areas PEc and PE,https://onlinelibrary.wiley.com/doi/abs/10.1002/cne.24389,https://onlinelibrary.wiley.com/doi/pdf/10.1002/cne.24389
Intracortical and thalamocortical connections of the hand and face representations in somatosensory area 3b of macaque monkeys and effects of chronic spinal cord …,https://www.jneurosci.org/content/35/39/13475.short,https://www.jneurosci.org/content/jneuro/35/39/13475.full.pdf
Macaque parvocellular mediodorsal thalamus: dissociable contributions to learning and adaptive decision‐making,https://onlinelibrary.wiley.com/doi/abs/10.1111/ejn.14078,https://onlinelibrary.wiley.com/doi/pdfdirect/10.1111/ejn.14078
Cerebello–thalamo–cortical projections to the posterior parietal cortex in the macaque monkey,https://www.sciencedirect.com/science/article/pii/S0304394001020183,https://www.sciencedirect.com/science/article/pii/S0304394001020183
Transneuronal changes of the inhibitory circuitry in the macaque somatosensory thalamus following lesions of the dorsal column nuclei,https://onlinelibrary.wiley.com/doi/abs/10.1002/(SICI)1096-9861(19960722)371:2%3C325::AID-CNE11%3E3.0.CO;2-R,https://onlinelibrary.wiley.com/doi/pdf/10.1002/%28SICI%291096-9861%2819960722%29371%3A2%3C325%3A%3AAID-CNE11%3E3.0.CO%3B2-R
Evidence for mediodorsal thalamus and prefrontal cortex interactions during cognition in macaques,https://academic.oup.com/cercor/article-abstract/25/11/4519/2367407,https://academic.oup.com/cercor/article/25/11/4519/2367407
"The basal ganglia and thalamus of the long-tailed macaque in stereotaxic coordinates. A template atlas based on coronal, sagittal and horizontal brain …",https://link.springer.com/article/10.1007/s00429-011-0370-5,https://link.springer.com/article/10.1007/s00429-011-0370-5
"Trajectory of hippocampal fibres to the contralateral anterior thalamus and mammillary bodies in rats, mice, and macaque monkeys",https://journals.sagepub.com/doi/abs/10.1177/2398212819871205,https://journals.sagepub.com/doi/pdf/10.1177/2398212819871205
Pain and the primate thalamus,https://www.sciencedirect.com/science/article/pii/S0079612305490019,not found
Late-onset hypersensitivity after a lesion in the ventral posterolateral nucleus of the thalamus: a macaque model of central post-stroke pain,https://www.nature.com/articles/s41598-017-10679-2,https://www.nature.com/articles/s41598-017-10679-2
The reticular thalamic nucleus projects to the contralateral dorsal thalamus in macaque monkey,https://www.sciencedirect.com/science/article/pii/030439409390180S,"/scholar?output=instlink&q=info:rmchOrjA7-sJ:scholar.google.com/&hl=en&as_sdt=1,5&scillfp=11313112242048890369&oi=lle"
Pallidal inputs to thalamocortical neurons projecting to the supplementary motor area: an anterograde and retrograde double labeling study in the macaque monkey,https://link.springer.com/article/10.1007/BF00230949,https://link.springer.com/content/pdf/10.1007/BF00230949.pdf
Pattern of tactile representation in thalamus of cat,https://journals.physiology.org/doi/abs/10.1152/jn.1949.12.2.85,https://journals.physiology.org/doi/pdf/10.1152/jn.1949.12.2.85
Distribution of trigeminothalamic and spinothalamic lamina I terminations in the macaque monkey,https://onlinelibrary.wiley.com/doi/abs/10.1002/cne.20240,https://onlinelibrary.wiley.com/doi/pdf/10.1002/cne.20240
Topographic distribution of pallidal neurons projecting to the thalamus in macaques,https://www.sciencedirect.com/science/article/pii/000689939091688D,"/scholar?output=instlink&q=info:lJx5m0lq4OcJ:scholar.google.com/&hl=en&as_sdt=1,5&scillfp=13198235766829963776&oi=lle"
Structural correlates of efficient GABAergic transmission in the basal ganglia–thalamus pathway,https://www.jneurosci.org/content/28/12/3090.short,https://www.jneurosci.org/content/jneuro/28/12/3090.full.pdf
Topography of connections between human prefrontal cortex and mediodorsal thalamus studied with diffusion tractography,https://www.sciencedirect.com/science/article/pii/S1053811910002491,https://www.sciencedirect.com/science/article/pii/S1053811910002491
Vestibular signals in primate thalamus: properties and origins,https://www.jneurosci.org/content/27/50/13590.short,https://www.jneurosci.org/content/jneuro/27/50/13590.full.pdf
Distribution and density of GABA cells in intralaminar and adjacent nuclei of monkey thalamus,https://www.sciencedirect.com/science/article/pii/030645229190426O,"/scholar?output=instlink&q=info:IyCfEm-bv6gJ:scholar.google.com/&hl=en&as_sdt=1,5&scillfp=14543910193697652217&oi=lle"
Thalamocortical processing in vision,https://www.cambridge.org/core/journals/visual-neuroscience/article/thalamocortical-processing-in-vision/3E276038F626B35F4DF7FAEDBFE26C07,https://www.ncbi.nlm.nih.gov/pmc/articles/PMC5716341/
"Microstimulation of movements from cerebellar-receiving, but not pallidal-receiving areas of the macaque thalamus under ketamine anaesthesia",https://link.springer.com/article/10.1007/s002210050584,https://link.springer.com/content/pdf/10.1007/s002210050584.pdf
Mediodorsal thalamus is required for discrete phases of goal-directed behavior in macaques,https://elifesciences.org/articles/37325,https://elifesciences.org/articles/37325.pdf
… Transporters MCT8 and OATP1C1 Are Expressed in Projection Neurons and Interneurons of Basal Ganglia and Motor Thalamus in the Adult Human and Macaque …,https://www.mdpi.com/1422-0067/24/11/9643,https://www.mdpi.com/1422-0067/24/11/9643/htm
"… and immunohistochemical characterization of a specific pain and temperature relay, the posterior portion of the ventral medial nucleus, in the human thalamus",https://academic.oup.com/brain/article-abstract/123/3/601/348813,https://academic.oup.com/brain/article/123/3/601/348813
A new parcellation of the human thalamus on the basis of histochemical staining,https://www.sciencedirect.com/science/article/pii/0165017389900076,"/scholar?output=instlink&q=info:0_2SqvfgW2AJ:scholar.google.com/&hl=en&as_sdt=1,5&scillfp=12975148436344346772&oi=lle"
The anatomical connections of the macaque monkey orbitofrontal cortex. A review,https://academic.oup.com/cercor/article-abstract/10/3/220/449570,https://academic.oup.com/cercor/article/10/3/220/449570?login=false
"Preserved features of thalamocortical projection neuron dendritic architecture in the somatosensory thalamus of the rat, cat and macaque",https://www.sciencedirect.com/science/article/pii/0006899394911258,"/scholar?output=instlink&q=info:CsfFRRv2-FkJ:scholar.google.com/&hl=en&as_sdt=1,5&scillfp=9427435300190900548&oi=lle"
Adrenergic innervation of the monkey thalamus: an immunohistochemical study,https://www.sciencedirect.com/science/article/pii/S0306452297005496,https://www.sciencedirect.com/science/article/pii/S0306452297005496
The cognitive thalamus,https://www.frontiersin.org/articles/10.3389/fnsys.2015.00039/full,https://www.frontiersin.org/articles/10.3389/fnsys.2015.00039/full
Thalamus modulates consciousness via layer-specific control of cortex,https://www.cell.com/neuron/pdf/S0896-6273(20)30005-2.pdf,https://www.cell.com/neuron/pdf/S0896-6273(20)30005-2.pdf
Neurochemical characterization of the cerebellar‐recipient motor thalamic territory in the macaque monkey,https://onlinelibrary.wiley.com/doi/abs/10.1111/j.1460-9568.2005.04020.x,https://onlinelibrary.wiley.com/doi/pdf/10.1111/j.1460-9568.2005.04020.x
The thalamic matrix and thalamocortical synchrony,https://www.cell.com/trends/neurosciences/fulltext/S0166-2236(00)01922-6,"/scholar?output=instlink&q=info:5vOSeDx5hWgJ:scholar.google.com/&hl=en&as_sdt=1,5&scillfp=14804627036235895291&oi=lle"
Selective reduction of neuron number and volume of the mediodorsal nucleus of the thalamus in macaques following irradiation at early gestational ages,https://onlinelibrary.wiley.com/doi/abs/10.1002/cne.22078,https://onlinelibrary.wiley.com/doi/pdf/10.1002/cne.22078
Unveiling the diversity of thalamocortical neuron subtypes,https://onlinelibrary.wiley.com/doi/abs/10.1111/j.1460-9568.2012.08033.x,https://onlinelibrary.wiley.com/doi/pdf/10.1111/j.1460-9568.2012.08033.x
A thalamic nucleus specific for pain and temperature sensation,https://www.nature.com/articles/372770a0,https://www.nature.com/articles/372770a0.pdf
Topography of the projection from the central complex of the thalamus to the sensorimotor striatal territory in monkeys,https://onlinelibrary.wiley.com/doi/abs/10.1002/cne.903050104,https://onlinelibrary.wiley.com/doi/pdf/10.1002/cne.903050104
Vestibular interactions in the thalamus,https://www.frontiersin.org/articles/10.3389/fncir.2015.00079/full,https://www.frontiersin.org/articles/10.3389/fncir.2015.00079/full
The regulatory role of the human mediodorsal thalamus,https://www.cell.com/trends/cognitive-sciences/fulltext/S1364-6613(18)30205-5,https://www.cell.com/trends/cognitive-sciences/fulltext/S1364-6613(18)30205-5
The anatomy of manual dexterity: the new connectivity of the primate sensorimotor thalamus and cerebral cortex,https://books.google.com/books?hl=en&lr=&id=udH6CAAAQBAJ&oi=fnd&pg=PA1&dq=macaque+thalamus+OR+thalamocortical+OR+thalamo-cortical&ots=hL5iqjY4gu&sig=VokB9RvYmyFeMFMqJbLWdRBfvIA,not found
Dendritic orientation of thalamocortical projection neurons in the ventrobasal complex of macaques,https://www.sciencedirect.com/science/article/pii/0006899394906416,"/scholar?output=instlink&q=info:WNzWF_mSEwwJ:scholar.google.com/&hl=en&as_sdt=1,5&scillfp=2795071125942699063&oi=lle"
The thalamocortical projection systems in primate: an anatomical support for multisensory and sensorimotor interplay,https://academic.oup.com/cercor/article-abstract/19/9/2025/279495,https://academic.oup.com/cercor/article/19/9/2025/279495
A dorsolateral spinothalamic tract in macaque monkey,https://www.sciencedirect.com/science/article/pii/030439598990198X,"/scholar?output=instlink&q=info:YBLrslJXhTUJ:scholar.google.com/&hl=en&as_sdt=1,5&scillfp=16133232387305620220&oi=lle"
Synaptology of trigemino‐and spinothalamic lamina I terminations in the posterior ventral medial nucleus of the macaque,https://onlinelibrary.wiley.com/doi/abs/10.1002/cne.10613,https://onlinelibrary.wiley.com/doi/pdf/10.1002/cne.10613
The cortico-basal ganglia integrative network: the role of the thalamus,https://www.sciencedirect.com/science/article/pii/S0361923008003420,https://www.ncbi.nlm.nih.gov/pmc/articles/PMC4459637/
Structural alterations in cortical and thalamocortical white matter tracts after recovery from prefrontal cortex lesions in macaques,https://www.sciencedirect.com/science/article/pii/S1053811921001968,https://www.sciencedirect.com/science/article/pii/S1053811921001968
The basal ganglia-thalamo-cortical connections with special reference to output neuronal distributions in macaque monkeys,https://link.springer.com/chapter/10.1007/978-1-4899-0194-1_3,not found
Altered transcript expression of NMDA receptor-associated postsynaptic proteins in the thalamus of subjects with schizophrenia,https://ajp.psychiatryonline.org/doi/abs/10.1176/appi.ajp.160.6.1100,https://ajp.psychiatryonline.org/doi/pdf/10.1176/appi.ajp.160.6.1100
"The origin, course, and termination of the hippocampothalamic projections in the macaque",https://onlinelibrary.wiley.com/doi/abs/10.1002/cne.902430310,https://onlinelibrary.wiley.com/doi/pdf/10.1002/cne.902430310
Thalamic projections to sensorimotor cortex in the macaque monkey: use of multiple retrograde fluorescent tracers,https://onlinelibrary.wiley.com/doi/abs/10.1002/cne.902990103,https://onlinelibrary.wiley.com/doi/pdf/10.1002/cne.902990103
The Thalamus of the Chimpanzee. pp. 99–109,https://karger.com/Article/PDF/106279,not found
Comparison of cholinergic and histaminergic axons in the lateral geniculate complex of the macaque monkey,https://onlinelibrary.wiley.com/doi/abs/10.1002/(SICI)1097-0185(19990701)255:3%3C295::AID-AR5%3E3.0.CO;2-Q,https://onlinelibrary.wiley.com/doi/pdfdirect/10.1002/%28SICI%291097-0185%2819990701%29255%3A3%3C295%3A%3AAID-AR5%3E3.0.CO%3B2-Q
Expression of excitatory amino acid transporter transcripts in the thalamus of subjects with schizophrenia,https://ajp.psychiatryonline.org/doi/abs/10.1176/appi.ajp.158.9.1393,https://ajp.psychiatryonline.org/doi/full/10.1176/appi.ajp.158.9.1393
The direct functional interrelation of sensory cortex and optic thalamus,https://journals.physiology.org/doi/pdf/10.1152/jn.1938.1.2.176,https://journals.physiology.org/doi/pdf/10.1152/jn.1938.1.2.176
Dose-dependent effect of isoflurane on regional cerebral blood flow in anesthetized macaque monkeys,https://www.sciencedirect.com/science/article/pii/S0304394013001171,https://www.ncbi.nlm.nih.gov/pmc/articles/PMC4349366/
Representation of face and intra‐oral structures in area 3b of macaque monkey somatosensory cortex,https://onlinelibrary.wiley.com/doi/abs/10.1002/(SICI)1096-9861(19960805)371:4%3C513::AID-CNE2%3E3.0.CO;2-7,https://onlinelibrary.wiley.com/doi/pdf/10.1002/%28SICI%291096-9861%2819960805%29371%3A4%3C513%3A%3AAID-CNE2%3E3.0.CO%3B2-7
Functional plasticity in primate somatosensory thalamus following chronic lesion of the ventral lateral spinal cord,https://www.sciencedirect.com/science/article/pii/S0306452200003687,https://www.sciencedirect.com/science/article/pii/S0306452200003687
Basal forebrain cholinergic and noncholinergic projections to the thalamus and brainstem in cats and monkeys,https://onlinelibrary.wiley.com/doi/abs/10.1002/cne.902770209,https://onlinelibrary.wiley.com/doi/pdf/10.1002/cne.902770209
Guarding the gateway to cortex with attention in visual thalamus,https://www.nature.com/articles/nature07382,https://www.nature.com/articles/nature07382
Human thalamus contributes to perceptual stability across eye movements,https://www.pnas.org/doi/abs/10.1073/pnas.0910742107,https://www.pnas.org/doi/full/10.1073/pnas.0910742107
Central complex of the primate thalamus: a quantitative analysis of neuronal morphology,https://onlinelibrary.wiley.com/doi/abs/10.1002/cne.903420312,https://onlinelibrary.wiley.com/doi/pdf/10.1002/cne.903420312
Large-scale sprouting of cortical connections after peripheral injury in adult macaque monkeys,https://www.science.org/doi/abs/10.1126/science.282.5391.1117,https://www.science.org/doi/pdf/10.1126/science.282.5391.1117
The dual pattern of corticothalamic projection of the primary auditory cortex in macaque monkey,https://www.sciencedirect.com/science/article/pii/S0304394004000400,https://sonar.ch/documents/299584/files/1_rouiller_dpc.pdf
Functional anatomy of the basal ganglia. I. The cortico-basal ganglia-thalamo-cortical loop,https://www.sciencedirect.com/science/article/pii/016501739400007C,https://www.sciencedirect.com/science/article/pii/016501739400007C
Cerebellothalamocortical and pallidothalamocortical projections to the primary and supplementary motor cortical areas: a multiple tracing study in macaque monkeys,https://onlinelibrary.wiley.com/doi/abs/10.1002/cne.903450204,https://onlinelibrary.wiley.com/doi/pdf/10.1002/cne.903450204
Thalamic distribution of projection neurons to the primary motor cortex relative to afferent terminal fields from the globus pallidus in the macaque monkey,https://onlinelibrary.wiley.com/doi/abs/10.1002/cne.903530309,https://onlinelibrary.wiley.com/doi/pdf/10.1002/cne.903530309
"Stereotaxic localization, intersubject variability, and interhemispheric differences of the human auditory thalamocortical system",https://www.sciencedirect.com/science/article/pii/S105381190291178X,https://www.sciencedirect.com/science/article/pii/S105381190291178X
Cell‐poor septa separate representations of digits in the ventroposterior nucleus of the thalamus in monkeys and prosimian galagos,https://onlinelibrary.wiley.com/doi/abs/10.1002/cne.22545,https://onlinelibrary.wiley.com/doi/pdf/10.1002/cne.22545
Projections from the marginal zone and deep dorsal horn to the ventrobasal nuclei of the primate thalamus,https://www.sciencedirect.com/science/article/pii/S0304395901002688,https://www.sciencedirect.com/science/article/pii/S0304395901002688
The pulvinar regulates information transmission between cortical areas based on attention demands,https://www.science.org/doi/abs/10.1126/science.1223082,https://www.science.org/doi/full/10.1126/science.1223082
Synchrony in the interconnected circuitry of the thalamus and cerebral cortex,https://nyaspubs.onlinelibrary.wiley.com/doi/abs/10.1111/j.1749-6632.2009.04534.x,https://nyaspubs.onlinelibrary.wiley.com/doi/pdfdirect/10.1111/j.1749-6632.2009.04534.x
Thalamic afferents emphasize the different functions of macaque precuneate areas,https://link.springer.com/article/10.1007/s00429-020-02045-2,https://link.springer.com/article/10.1007/s00429-020-02045-2
The role of the human thalamus in processing corollary discharge,https://academic.oup.com/brain/article-abstract/128/5/1139/278508,https://academic.oup.com/brain/article/128/5/1139/278508
… Between Somatosensory Cortical Responses Induced via Natural Touch and Microstimulation in the Ventral Posterior Lateral Thalamus in Macaques,https://www.frontiersin.org/articles/10.3389/fnins.2022.812837/full,https://www.frontiersin.org/articles/10.3389/fnins.2022.812837/full
The thalamocortical circuit of auditory mismatch negativity,https://www.sciencedirect.com/science/article/pii/S0006322319318517,https://www.sciencedirect.com/science/article/pii/S0006322319318517
Network architecture of the long-distance pathways in the macaque brain,https://www.pnas.org/doi/abs/10.1073/pnas.1008054107,https://www.pnas.org/doi/full/10.1073/pnas.1008054107
Idea of a new anatomy of the thalamus,https://www.sciencedirect.com/science/article/pii/B9780080170077500094,not found
The core and matrix of thalamic organization,https://www.sciencedirect.com/science/article/pii/S0306452297005812,https://www.sciencedirect.com/science/article/pii/S0306452297005812
Topographical distribution of spinothalamic fibres in the thalamus of the spider monkey,https://www.ncbi.nlm.nih.gov/pmc/articles/PMC1272877/,https://www.ncbi.nlm.nih.gov/pmc/articles/PMC1272877/pdf/janat00491-0033.pdf
Corticocortical and thalamocortical changes in functional connectivity and white matter structural integrity after reward-guided learning of visuospatial discriminations …,https://www.jneurosci.org/content/40/41/7887.abstract,https://www.jneurosci.org/content/jneuro/40/41/7887.full.pdf
Thalamus,http://var.scholarpedia.org/article/Thalamus,http://var.scholarpedia.org/article/Thalamus
Fiber systems of medial and anterior thalamus of Macaque,https://onlinelibrary.wiley.com/doi/abs/10.1002/cne.901430304,https://onlinelibrary.wiley.com/doi/pdf/10.1002/cne.901430304
Parallel processing in the corticogeniculate pathway of the macaque monkey,https://www.cell.com/neuron/pdf/S0896-6273(09)00170-6.pdf,https://www.cell.com/neuron/pdf/S0896-6273(09)00170-6.pdf
Extent of intracortical arborization of thalamocortical axons as a determinant of representational plasticity in monkey somatic sensory cortex,https://www.jneurosci.org/content/15/6/4270.short,https://www.jneurosci.org/content/jneuro/15/6/4270.full.pdf
Thalamic connectivity of the second somatosensory area and neighboring somatosensory fields of the lateral sulcus of the macaque,https://onlinelibrary.wiley.com/doi/abs/10.1002/cne.902520305,https://onlinelibrary.wiley.com/doi/pdf/10.1002/cne.902520305
"Multisensory convergence in auditory cortex, II. Thalamocortical connections of the caudal superior temporal plane",https://onlinelibrary.wiley.com/doi/abs/10.1002/cne.21326,https://onlinelibrary.wiley.com/doi/pdf/10.1002/cne.21326
Vagal-evoked activity in the parafascicular nucleus of the primate thalamus,https://journals.physiology.org/doi/abs/10.1152/jn.00235.2005,https://journals.physiology.org/doi/full/10.1152/jn.00235.2005
Longitudinal Metabolic Changes in the Thalamus of Macaque Brain During 42-Day Head Down Tilt.,http://zsp.com.pk/pdf48/575-581%20(38)%20QPJZ-0063-2015%2017-12-15%20Longitudinal%20Metabolic%20Changes%20in%20the%20Thalamus%20o_.pdf,http://zsp.com.pk/pdf48/575-581%20(38)%20QPJZ-0063-2015%2017-12-15%20Longitudinal%20Metabolic%20Changes%20in%20the%20Thalamus%20o_.pdf
Subcortical connections of inferior temporal areas TE and TEO in macaque monkeys,https://onlinelibrary.wiley.com/doi/abs/10.1002/cne.903350106,https://onlinelibrary.wiley.com/doi/pdf/10.1002/cne.903350106
The primate motor thalamus analysed with reference to subcortical afferent territories,https://karger.com/sfn/article-abstract/60/1-3/32/291847,https://karger.com/sfn/article-pdf/60/1-3/32/3531768/000100588.pdf
Ascending inputs to the pre-supplementary motor area in the macaque monkey: cerebello-and pallido-thalamocortical projections,https://www.cambridge.org/core/journals/thalamus-and-related-systems/article/ascending-inputs-to-the-presupplementary-motor-area-in-the-macaque-monkey-cerebello-and-pallidothalamocortical-projections/7385CA29F413D1E0EFD21261B0010306,https://www.academia.edu/download/66966987/S1472-9288_2803_2900018-920210504-6436-1vpen83.pdf
"Thalamic input to representations of the teeth, tongue, and face in somatosensory area 3b of macaque monkeys",https://onlinelibrary.wiley.com/doi/abs/10.1002/cne.23386,https://onlinelibrary.wiley.com/doi/pdf/10.1002/cne.23386
Neuromodulatory control of early visual processing in macaque,https://www.annualreviews.org/doi/abs/10.1146/annurev-vision-100119-125739,https://www.annualreviews.org/doi/full/10.1146/annurev-vision-100119-125739
Relationships of precentral premotor and prefrontal cortex to the mediodorsal and intralaminar nuclei of the monkey thalamus.,https://europepmc.org/article/med/7424595,not found
Somatosensory input to the ventrolateral thalamic region in the macaque monkey: a potential substrate for parkinsonian tremor,https://onlinelibrary.wiley.com/doi/abs/10.1002/cne.10499,https://onlinelibrary.wiley.com/doi/pdf/10.1002/cne.10499
Retrograde analyses of spinothalamic projections in the macaque monkey: input to the ventral lateral nucleus,https://onlinelibrary.wiley.com/doi/abs/10.1002/cne.21672,https://onlinelibrary.wiley.com/doi/pdfdirect/10.1002/cne.21672
The mediodorsal thalamus as a higher order thalamic relay nucleus important for learning and decision-making,https://www.sciencedirect.com/science/article/pii/S0149763415000718,https://www.sciencedirect.com/science/article/pii/S0149763415000718
Toward an agreement on terminology of nuclear and subnuclear divisions of the motor thalamus,https://thejns.org/view/journals/j-neurosurg/86/1/article-p77.xml,"/scholar?output=instlink&q=info:S0oYqVVj9-sJ:scholar.google.com/&hl=en&as_sdt=1,5&scillfp=630025402087499904&oi=lle"
Thalamic input to inferior area 6 and area 4 in the macaque monkey,https://onlinelibrary.wiley.com/doi/abs/10.1002/cne.902800311,https://onlinelibrary.wiley.com/doi/pdf/10.1002/cne.902800311
The primate pulvinar nuclei: vision and action,https://www.cell.com/trends/neurosciences/fulltext/S0166-2236(99)01482-4,https://ruc.udc.es/dspace/bitstream/handle/2183/14590/Grieve_Primate.pdf?sequence=5
… retinorecipient and nonretinorecipient nuclei of the pretectal complex and layers of the superior colliculus to the lateral pulvinar and medial pulvinar in the macaque …,https://onlinelibrary.wiley.com/doi/abs/10.1002/cne.902170307,https://onlinelibrary.wiley.com/doi/pdf/10.1002/cne.902170307
An autoradiographic study of cortical projections from motor thalamic nuclei in the macaque monkey,https://www.sciencedirect.com/science/article/pii/016801029290093R,"/scholar?output=instlink&q=info:eKd2jNcCxQ4J:scholar.google.com/&hl=en&as_sdt=1,5&scillfp=6879160231199138878&oi=lle"
Some connections of the posterior thalamus in monkey,https://www.sciencedirect.com/science/article/pii/0014488676902600,"/scholar?output=instlink&q=info:tbZUh-Ykoc0J:scholar.google.com/&hl=en&as_sdt=1,5&scillfp=12004298986119139099&oi=lle"
The organization and connections of the somatosensory cortex with the ventrobasal thalamus in the cynomolgus macaque (Macaca fascicularis),https://elibrary.ru/item.asp?id=7296482,not found
Spatial distribution of thalamic projections to the supplementary motor area and the primary motor cortex: a retrograde multiple labeling study in the macaque monkey,https://onlinelibrary.wiley.com/doi/abs/10.1002/cne.903570110,https://onlinelibrary.wiley.com/doi/pdf/10.1002/cne.903570110
Neural connections of the posteromedial cortex in the macaque,https://www.pnas.org/doi/abs/10.1073/pnas.0507729103,https://www.pnas.org/doi/full/10.1073/pnas.0507729103
Massive cortical reorganization after sensory deafferentation in adult macaques,https://www.science.org/doi/abs/10.1126/science.1843843,https://www.science.org/doi/pdf/10.1126/science.1843843
Optogenetics in the macaque thalamus,https://pure.mpg.de/pubman/faces/ViewItemOverviewPage.jsp?itemId=item_1787465,not found
"Neuron populations in sensorimotor thalamic space: Connections, parcellation, and relation to corticospinal projections in the macaque monkey",https://www.sciencedirect.com/science/article/pii/B9780080422749500171,not found
Thalamo-cortical interactions define functional dissociations across the macaque attention network,https://www.biorxiv.org/content/10.1101/398917.abstract,https://www.biorxiv.org/content/10.1101/398917.full.pdf
What does the mediodorsal thalamus do?,https://www.frontiersin.org/articles/10.3389/fnsys.2013.00037/full,https://www.frontiersin.org/articles/10.3389/fnsys.2013.00037/full
Striatonigrostriatal connectivity‐based cross‐species parcellation of human and macaque substantia nigra,https://onlinelibrary.wiley.com/doi/abs/10.1002/hbm.26402,https://onlinelibrary.wiley.com/doi/pdf/10.1002/hbm.26402
Thalamic circuitry and thalamocortical synchrony,https://royalsocietypublishing.org/doi/abs/10.1098/rstb.2002.1168,https://www.ncbi.nlm.nih.gov/pmc/articles/PMC1693077/pdf/12626002.pdf
Thalamic projections to S‐I in macaque monkey,https://onlinelibrary.wiley.com/doi/abs/10.1002/cne.901780302,https://onlinelibrary.wiley.com/doi/pdf/10.1002/cne.901780302
Increased IL-6 expression precedes reliable viral detection in the rhesus macaque brain during acute SIV infection,https://www.ncbi.nlm.nih.gov/pmc/articles/PMC8564899/,https://www.ncbi.nlm.nih.gov/pmc/articles/PMC8564899/
Thalamic input to mesial and superior area 6 in the macaque monkey,https://onlinelibrary.wiley.com/doi/abs/10.1002/(SICI)1096-9861(19960812)372:1%3C59::AID-CNE6%3E3.0.CO;2-L,https://onlinelibrary.wiley.com/doi/pdf/10.1002/(SICI)1096-9861(19960812)372:1%3C59::AID-CNE6%3E3.0.CO;2-L
"Histamine‐immunoreactive neurons and their innervation of visual regions in the cortex, tectum, and thalamus in the primate Macaca mulatta",https://onlinelibrary.wiley.com/doi/abs/10.1002/(SICI)1096-9861(19960916)373:2%3C271::AID-CNE9%3E3.0.CO;2-0,https://onlinelibrary.wiley.com/doi/pdf/10.1002/(SICI)1096-9861(19960916)373:2%3C271::AID-CNE9%3E3.0.CO;2-0
Thalamic projections to the posteromedial cortex in the macaque,https://onlinelibrary.wiley.com/doi/abs/10.1002/cne.21647,https://onlinelibrary.wiley.com/doi/pdf/10.1002/cne.21647
Thalamocaudate projections in the macaque monkey (a horseradish peroxidase study).,https://europepmc.org/article/med/1821422,"/scholar?output=instlink&q=info:lLeneaz9f_wJ:scholar.google.com/&hl=en&as_sdt=1,5&scillfp=7640420752687368920&oi=lle"
Plasticity of the somatosensory cortical map in macaque monkeys after chronic partial amputation of a digit,https://royalsocietypublishing.org/doi/abs/10.1098/rspb.1996.0138,https://royalsocietypublishing.org/doi/pdf/10.1098/rspb.1996.0138
Topographically organized projection to posterior insular cortex from the posterior portion of the ventral medial nucleus in the long‐tailed macaque monkey,https://onlinelibrary.wiley.com/doi/abs/10.1002/cne.23425,https://onlinelibrary.wiley.com/doi/pdf/10.1002/cne.23425
Pallidal and cerebellar afferents to pre‐supplementary motor area thalamocortical neurons in the owl monkey: a multiple labeling study,https://onlinelibrary.wiley.com/doi/abs/10.1002/(SICI)1096-9861(20000207)417:2%3C164::AID-CNE3%3E3.0.CO;2-6,https://onlinelibrary.wiley.com/doi/pdf/10.1002/%28SICI%291096-9861%2820000207%29417%3A2%3C164%3A%3AAID-CNE3%3E3.0.CO%3B2-6
The place of the thalamus in frontal cortical-basal ganglia circuits,https://journals.sagepub.com/doi/abs/10.1177/107385840100700408,https://journals.sagepub.com/doi/pdf/10.1177/107385840100700408
Colocalization of tectal inputs with amygdala-projecting neurons in the macaque pulvinar,https://www.frontiersin.org/articles/10.3389/fncir.2018.00091/full,https://www.frontiersin.org/articles/10.3389/fncir.2018.00091/full
Cholinergic synaptic circuitry in the macaque prefrontal cortex,https://onlinelibrary.wiley.com/doi/abs/10.1002/cne.903570409,https://onlinelibrary.wiley.com/doi/pdf/10.1002/cne.903570409
Thalamic projections to sensorimotor cortex in the newborn macaque,https://onlinelibrary.wiley.com/doi/abs/10.1002/cne.902990104,https://onlinelibrary.wiley.com/doi/pdf/10.1002/cne.902990104
On the Organisation of the Visual Cortical Projection to the Pulvinar in Macaca mulatta (Part 2 of 2),https://karger.com/bbe/article-abstract/6/1-6/409/329565,not found
"Anatomical observations on the dorsal column nuclei, their thalamic projection and the cytoarchitecture of some somatosensory thalamic nuclei in the monkey",https://onlinelibrary.wiley.com/doi/abs/10.1002/cne.901780103,https://onlinelibrary.wiley.com/doi/pdf/10.1002/cne.901780103
Morphology of thalamocortical neurons projecting to the primary somatosensory cortex and their relationship to spinothalamic terminals in the squirrel monkey,https://onlinelibrary.wiley.com/doi/abs/10.1002/cne.903610102,https://onlinelibrary.wiley.com/doi/pdf/10.1002/cne.903610102
Differential distribution of calbindin D28k and parvalbumin among functionally distinctive sets of structures in the macaque brainstem,https://onlinelibrary.wiley.com/doi/abs/10.1002/cne.10711,https://onlinelibrary.wiley.com/doi/pdf/10.1002/cne.10711
Differential feedback modulation of center and surround mechanisms in parvocellular cells in the visual thalamus,https://www.jneurosci.org/content/32/45/15946.short,https://www.jneurosci.org/content/jneuro/32/45/15946.full.pdf
The primate mediodorsal (MD) nucleus and its projection to the frontal lobe,https://onlinelibrary.wiley.com/doi/abs/10.1002/cne.902420406,https://onlinelibrary.wiley.com/doi/pdf/10.1002/cne.902420406
Commissural fibers of the macaque thalamus. An experimental study,https://onlinelibrary.wiley.com/doi/abs/10.1002/cne.900880105,https://onlinelibrary.wiley.com/doi/pdf/10.1002/cne.900880105
"Localization of nigrostriatal, nigrothalamic and nigrotectal neurons in ventricular coordinates in macaques",https://www.sciencedirect.com/science/article/pii/0306452284902598,"/scholar?output=instlink&q=info:4U6iy1KsMfsJ:scholar.google.com/&hl=en&as_sdt=1,5&scillfp=13741590034471929610&oi=lle"
A re-evaluation of the cytoarchitecture of the ventral nuclear complex of the cat's thalamus on the basis of corticothalamic connections,https://www.sciencedirect.com/science/article/pii/0006899368900450,"/scholar?output=instlink&q=info:nqKd17n_RLcJ:scholar.google.com/&hl=en&as_sdt=1,5&scillfp=321645496960796090&oi=lle"
Topographic organization of medial pulvinar connections with the prefrontal cortex in the rhesus monkey,https://onlinelibrary.wiley.com/doi/abs/10.1002/(SICI)1096-9861(19970317)379:3%3C313::AID-CNE1%3E3.0.CO;2-6,https://onlinelibrary.wiley.com/doi/pdf/10.1002/(SICI)1096-9861(19970317)379:3%3C313::AID-CNE1%3E3.0.CO;2-6
"Sensorimotor cortex, nucleus caudatus and thalamus opticus",https://journals.physiology.org/doi/pdf/10.1152/jn.1938.1.4.364,https://journals.physiology.org/doi/pdf/10.1152/jn.1938.1.4.364
Morphology of single intracellularly stained axons terminating in area 3b of macaque monkeys,https://onlinelibrary.wiley.com/doi/abs/10.1002/cne.902940406,https://onlinelibrary.wiley.com/doi/pdf/10.1002/cne.902940406
Orexin axon density and bouton quantification in the aging rhesus macaque thalamus: a novel methodology,https://open.bu.edu/handle/2144/12127,not found
Exploring the thalamus,https://books.google.com/books?hl=en&lr=&id=L7WAeCvWJ04C&oi=fnd&pg=PP1&dq=macaque+thalamus+OR+thalamocortical+OR+thalamo-cortical&ots=TfM5N5_SYm&sig=RuCY4sC74LSIlD7KjXGHwn20NC0,not found
Projections from the globus pallidus to the thalamic areas projecting to the dorsal area 6 of the macaque monkey: a multiple tracing study,https://www.sciencedirect.com/science/article/pii/0304394094905053,"/scholar?output=instlink&q=info:qJ1QqN1Xp0IJ:scholar.google.com/&hl=en&as_sdt=1,5&scillfp=16623227288893461035&oi=lle"
"Distribution of activity across the monkey cerebral cortical surface, thalamus and midbrain during rapid, visually guided saccades",https://academic.oup.com/cercor/article-abstract/16/4/447/382152,https://academic.oup.com/cercor/article/16/4/447/382152
A comparison of visual responses in the lateral geniculate nucleus of alert and anaesthetized macaque monkeys,https://physoc.onlinelibrary.wiley.com/doi/abs/10.1113/jphysiol.2010.190538,https://physoc.onlinelibrary.wiley.com/doi/pdfdirect/10.1113/jphysiol.2010.190538
not found,not found,"/scholar?output=instlink&q=info:UR3sZIb0t08J:scholar.google.com/&hl=en&as_sdt=1,5&scillfp=15995649310017750911&oi=lle"
Superficial and Deep Thalamo-Cortical Projections from the Oral Part of RHE Ventral Lateral Thalamic Nucleus (VLo) Receiving Inputs to the Internal Pallidal Segment …,https://link.springer.com/chapter/10.1007/978-1-4615-0179-4_44,not found
The pulvinar complex,https://books.google.com/books?hl=en&lr=&id=rRu38JwnZXoC&oi=fnd&pg=PA53&dq=macaque+thalamus+OR+thalamocortical+OR+thalamo-cortical&ots=7jtOnqavV7&sig=BXHEbDLKMBFrjp2svZK0N6y26gA,not found
"Regional and laminar distribution of the vesicular glutamate transporter, VGluT2, in the macaque monkey auditory cortex",https://www.sciencedirect.com/science/article/pii/S0891061809000507,https://www.ncbi.nlm.nih.gov/pmc/articles/PMC2774764/
Continuous subcellular resolution three-dimensional imaging on intact macaque brain,https://www.sciencedirect.com/science/article/pii/S2095927321005533,https://www.sciencedirect.com/science/article/pii/S2095927321005533
Thalamocortical synaptic relations: a review with emphasis on the projections of specific thalamic nuclei to the primary sensory areas of the neocortex,https://www.sciencedirect.com/science/article/pii/0165017379900080,https://www.sciencedirect.com/science/article/pii/0165017379900080
Labelling of cells in the medulla oblongata and the spinal cord of the monkey after injections of horseradish peroxidase in the thalamus,https://www.sciencedirect.com/science/article/pii/0304394075900488,https://www.academia.edu/download/88030535/0304-3940_2875_2990048-820220627-1-h294q9.pdf
Corticothalamic connections from the second somatosensory area and neighboring regions in the lateral sulcus of macaque monkeys,https://www.sciencedirect.com/science/article/pii/0006899384906061,"/scholar?output=instlink&q=info:6eDJjhuAjJMJ:scholar.google.com/&hl=en&as_sdt=1,5&scillfp=17170871144536132031&oi=lle"
"The somatotopic organization of the ventroposterior thalamus of the squirrel monkey, Saimiri sciureus",https://onlinelibrary.wiley.com/doi/abs/10.1002/cne.902260109,https://onlinelibrary.wiley.com/doi/pdf/10.1002/cne.902260109
not found,not found,"/scholar?output=instlink&q=info:djkM_l1kbmEJ:scholar.google.com/&hl=en&as_sdt=1,5&scillfp=4640740070468261899&oi=lle"
Thalamic functions in distributed cognitive control,https://www.nature.com/articles/s41593-017-0020-1,https://www.nature.com/articles/s41593-017-0020-1
Frontal eye field efferents in the macaque monkey: I. Subcortical pathways and topography of striatal and thalamic terminal fields,https://onlinelibrary.wiley.com/doi/abs/10.1002/cne.902710402,https://onlinelibrary.wiley.com/doi/pdf/10.1002/cne.902710402
Giant neurons in the macaque pulvinar: a distinct relay subpopulation,https://www.frontiersin.org/articles/10.3389/neuro.05.002.2007/full,https://www.frontiersin.org/articles/10.3389/neuro.05.002.2007/full
Representation of the face in the somatosensory cortex and thalamus in macaque monkey,https://escholarship.mcgill.ca/concern/theses/1j92g9182,https://escholarship.mcgill.ca/downloads/xk81jn28f
An anatomical reinvestigation of the termination of the spinothalamic tract in the monkey,https://onlinelibrary.wiley.com/doi/abs/10.1002/cne.901860304,https://onlinelibrary.wiley.com/doi/pdf/10.1002/cne.901860304
Thalamocortical and intracortical connections of monkey cingulate motor areas,https://onlinelibrary.wiley.com/doi/abs/10.1002/cne.10720,https://onlinelibrary.wiley.com/doi/pdf/10.1002/cne.10720
The afferent and efferent organization of the lateral geniculo‐prestriate pathways in the macaque monkey,https://onlinelibrary.wiley.com/doi/abs/10.1002/cne.902030309,https://onlinelibrary.wiley.com/doi/pdf/10.1002/cne.902030309
"Parvalbumin‐immunoreactive axon terminals in macaque monkey and human prefrontal cortex: laminar, regional, and target specificity of type I and type II synapses",https://onlinelibrary.wiley.com/doi/abs/10.1002/(SICI)1096-9861(19990524)408:1%3C11::AID-CNE2%3E3.0.CO;2-T,https://onlinelibrary.wiley.com/doi/pdf/10.1002/(SICI)1096-9861(19990524)408:1%3C11::AID-CNE2%3E3.0.CO;2-T
Distribution and morphology of nigral axons projecting to the thalamus in primates,https://onlinelibrary.wiley.com/doi/abs/10.1002/cne.10227,https://onlinelibrary.wiley.com/doi/pdf/10.1002/cne.10227
Cortical projections of motor thalamus,https://www.sciencedirect.com/science/article/pii/B9780080422749500213,not found
Critical role for the mediodorsal thalamus in permitting rapid reward-guided updating in stochastic reward environments,https://elifesciences.org/articles/13588,https://elifesciences.org/articles/13588.pdf
Representation of the face in the somatosensory cortex and thalamus in macaque monkey (Macaca fascicularis),https://elibrary.ru/item.asp?id=5923002,not found
Immediate expansion of receptive fields of neurons in area 3b of macaque monkeys after digit denervation,https://www.tandfonline.com/doi/abs/10.3109/08990229109144748,https://www.tandfonline.com/doi/pdf/10.3109/08990229109144748
The distribution of the internal carotid circulation in the brain of the macaque monkey (Macaca mulatta),https://onlinelibrary.wiley.com/doi/abs/10.1002/cne.901280403,https://onlinelibrary.wiley.com/doi/pdf/10.1002/cne.901280403
Topographical projections of the prestriate cortex to the pulvinar nuclei in the macaque monkey: an autoradiographic study,https://link.springer.com/article/10.1007/BF00237265,https://link.springer.com/content/pdf/10.1007/BF00237265.pdf
A longitudinal magnetization transfer imaging evaluation of brain injury in a macaque model of neuroAIDS,https://www.liebertpub.com/doi/abs/10.1089/aid.2014.0166,https://www.ncbi.nlm.nih.gov/pmc/articles/PMC4347891/
Proprioceptive and cutaneous representations in the rat ventral posterolateral thalamus,https://journals.physiology.org/doi/abs/10.1152/jn.01206.2007,https://journals.physiology.org/doi/prev/20171106-aop/pdf/10.1152/jn.01206.2007
Pain-related behavior and brain activation in cynomolgus macaques with naturally occurring endometriosis,https://academic.oup.com/humrep/advance-article-pdf/doi/10.1093/humrep/dey383/27979336/dey383.pdf,https://academic.oup.com/humrep/advance-article-pdf/doi/10.1093/humrep/dey383/27979336/dey383.pdf
Midline and intralaminar thalamic connections with the orbital and medial prefrontal networks in macaque monkeys,https://onlinelibrary.wiley.com/doi/abs/10.1002/cne.21440,https://onlinelibrary.wiley.com/doi/pdfdirect/10.1002/cne.21440
NEURAL CORRELATES OF RANDOM AND INFORMED SACCADIC CHOICES IN THE MACAQUE FRONTAL EYE FIELDS AND CENTRAL THALAMUS,https://wakespace.lib.wfu.edu/handle/10339/37434,not found
Thalamocortical synapses and intrinsic inhibition: The primary cholinergic effectors in macaque V1,https://search.proquest.com/openview/e540f1d7036ac4a1b8ad684daa4d652e/1?pq-origsite=gscholar&cbl=18750&diss=y,not found
The Basal Ganglia-Thalamocortical Circuit Originating in the Ventral Premotor area (PMv) of the Macaque Monkey,https://link.springer.com/chapter/10.1007/0-387-28066-9_56,not found
Visual pathways serving motion detection in the mammalian brain,https://www.mdpi.com/1424-8220/10/4/3218,https://www.mdpi.com/1424-8220/10/4/3218/pdf
The lateral geniculate nucleus projects to the inferior temporal cortex in the macaque monkey.,https://europepmc.org/article/med/7696634,"/scholar?output=instlink&q=info:VBmmSlN3HroJ:scholar.google.com/&hl=en&as_sdt=1,5&scillfp=8431066212351120362&oi=lle"
Symmetry and asymmetry in the human posterior thalamus: I. Cytoarchitectonic analysis in normal persons,https://jamanetwork.com/journals/jamaneurology/article-abstract/580777,not found
Temporary inactivation in the primate motor thalamus during visually triggered and internally generated limb movements,https://journals.physiology.org/doi/abs/10.1152/jn.2000.83.5.2780,https://journals.physiology.org/doi/pdf/10.1152/jn.2000.83.5.2780
The thalamic connections of the temporal lobe of the brain in the monkey,https://www.ncbi.nlm.nih.gov/pmc/articles/PMC1249139/,https://www.ncbi.nlm.nih.gov/pmc/articles/PMC1249139/pdf/janat00537-0003.pdf
"Origin of thalamic inputs to the primary, premotor, and supplementary motor cortical areas and to area 46 in macaque monkeys: a multiple retrograde tracing study",https://onlinelibrary.wiley.com/doi/abs/10.1002/(SICI)1096-9861(19990621)409:1%3C131::AID-CNE10%3E3.0.CO;2-A,https://onlinelibrary.wiley.com/doi/pdf/10.1002/(SICI)1096-9861(19990621)409:1%3C131::AID-CNE10%3E3.0.CO;2-A
The influence of preterm birth on the developing thalamocortical connectome,https://www.sciencedirect.com/science/article/pii/S0010945212002389,https://www.sciencedirect.com/science/article/pii/S0010945212002389
The dual pattern of corticothalamic projection of the premotor cortex in macaque monkeys,https://www.cambridge.org/core/journals/thalamus-and-related-systems/article/dual-pattern-of-corticothalamic-projection-of-the-premotor-cortex-in-macaque-monkeys/DFB132B8EBB554B776FB24FDFAC72D75,not found
The motor thalamus in neurosurgery,https://journals.lww.com/neurosurgery/fulltext/2006/01000/the_motor_thalamus_in_neurosurgery.16.aspx,https://journals.lww.com/neurosurgery/fulltext/2006/01000/the_motor_thalamus_in_neurosurgery.16.aspx
Spinal location of ascending lamina I axons in the macaque monkey,https://www.sciencedirect.com/science/article/pii/S1526590000900865,https://www.sciencedirect.com/science/article/pii/S1526590000900865
To see or not to see–Thalamo-cortical networks during blindsight and perceptual suppression,https://www.sciencedirect.com/science/article/pii/S030100821500009X,not found
Termination of a separate (proprioceptive?) cuneothalamic tract from external cuneate nucleus in monkey,https://www.sciencedirect.com/science/article/pii/0006899381908568,"/scholar?output=instlink&q=info:fB2SA3ks3koJ:scholar.google.com/&hl=en&as_sdt=1,5&scillfp=473936965133462472&oi=lle"
Dissociating vision and visual attention in the human pulvinar,https://journals.physiology.org/doi/abs/10.1152/jn.90963.2008,https://journals.physiology.org/doi/prev/20171106-aop/pdf/10.1152/jn.90963.2008
Neuronal activity in the primate motor thalamus during visually triggered and internally generated limb movements,https://journals.physiology.org/doi/abs/10.1152/jn.1999.82.2.934,https://journals.physiology.org/doi/pdf/10.1152/jn.1999.82.2.934
Always returning: feedback and sensory processing in visual cortex and thalamus,https://www.cell.com/trends/neurosciences/fulltext/S0166-2236(06)00089-0,https://ruc.udc.es/dspace/bitstream/handle/2183/14540/Sillito_Always.pdf
"Representations of motivational drives in mesial cortex, medial thalamus, hypothalamus and midbrain",https://www.sciencedirect.com/science/article/pii/S0361923003000698,https://www.jordanbpeterson.com/docs/230/2014/Papers%20from%20previous%20years/Sewards.pdf
Proton MR spectroscopic imaging of rhesus macaque brain in vivo at 7T,https://onlinelibrary.wiley.com/doi/abs/10.1002/mrm.21554,https://onlinelibrary.wiley.com/doi/pdf/10.1002/mrm.21554
The anterior thalamus provides a subcortical circuit supporting memory and spatial navigation,https://www.frontiersin.org/articles/10.3389/fnsys.2013.00045/full,https://www.frontiersin.org/articles/10.3389/fnsys.2013.00045/full
Frontal eye field efferents in the macaque monkey: II. Topography of terminal fields in midbrain and pons,https://onlinelibrary.wiley.com/doi/abs/10.1002/cne.902710403,https://onlinelibrary.wiley.com/doi/pdf/10.1002/cne.902710403
Primate thalamus: more than meets an eye,https://www.cell.com/current-biology/pdf/S0960-9822(15)01419-0.pdf,https://www.cell.com/current-biology/pdf/S0960-9822(15)01419-0.pdf
The spatial distribution of pulvinar neurons that project to two subregions of the inferior parietal lobule in the macaque,https://academic.oup.com/cercor/article-abstract/2/3/217/444951,"/scholar?output=instlink&q=info:PGktcm5q-X8J:scholar.google.com/&hl=en&as_sdt=1,5&scillfp=8055556752534366111&oi=lle"
Transcriptomic and open chromatin atlas of high-resolution anatomical regions in the rhesus macaque brain,https://www.nature.com/articles/s41467-020-14368-z,https://www.nature.com/articles/s41467-020-14368-z
A distinct thermoreceptive subregion of lamina I in nucleus caudalis of the owl monkey,https://onlinelibrary.wiley.com/doi/abs/10.1002/(SICI)1096-9861(19990208)404:2%3C221::AID-CNE7%3E3.0.CO;2-N,https://onlinelibrary.wiley.com/doi/pdf/10.1002/%28SICI%291096-9861%2819990208%29404%3A2%3C221%3A%3AAID-CNE7%3E3.0.CO%3B2-N
Origin and topography of fibers contributing to the fornix in macaque monkeys,https://onlinelibrary.wiley.com/doi/abs/10.1002/hipo.20276,https://onlinelibrary.wiley.com/doi/pdf/10.1002/hipo.20276
An experimental study of the thalamo‐cortical projection of the macaque monkey,https://onlinelibrary.wiley.com/doi/abs/10.1002/cne.900640102,https://onlinelibrary.wiley.com/doi/pdf/10.1002/cne.900640102
"Tonotopic organization, architectonic fields, and connections of auditory cortex in macaque monkeys",https://onlinelibrary.wiley.com/doi/abs/10.1002/cne.903350312,https://onlinelibrary.wiley.com/doi/pdf/10.1002/cne.903350312
Weight consistency specifies regularities of macaque cortical networks,https://academic.oup.com/cercor/article-abstract/21/6/1254/343888,https://academic.oup.com/cercor/article/21/6/1254/343888
The role of the visual thalamus after primary visual cortex lesions in infant and adult macaques,https://search.proquest.com/openview/32a65143e387cd9bf7d0e501ec578856/1?pq-origsite=gscholar&cbl=18750&diss=y,not found
… TERRITORY OF CEREBELLAR AFFERENTS AND THE LATERAL REGION OF THE THALAMUS OF THE MACAQUE IN STEREOTAXIE VENTRICULAR …,https://pascal-francis.inist.fr/vibad/index.php?action=getRecordDetail&idt=PASCAL7850338482,not found
Magnetic resonance imaging of neuronal connections in the macaque monkey,https://www.cell.com/neuron/pdf/S0896-6273(02)00718-3.pdf,https://www.cell.com/neuron/pdf/S0896-6273(02)00718-3.pdf
Developmental history of the transient subplate zone in the visual and somatosensory cortex of the macaque monkey and human brain,https://onlinelibrary.wiley.com/doi/abs/10.1002/cne.902970309,https://onlinelibrary.wiley.com/doi/pdf/10.1002/cne.902970309
Frontal-thalamic circuits associated with language,https://www.sciencedirect.com/science/article/pii/S0093934X12001952,https://www.sciencedirect.com/science/article/pii/S0093934X12001952
Retinal projections to the pulvinar nucleus of the macaque monkey: a re-investigation using autoradiography,https://link.springer.com/article/10.1007/BF00231141,https://link.springer.com/content/pdf/10.1007/BF00231141.pdf
Extent of the ipsilateral representation in the ventral posterior medial nucleus of the monkey thalamus,https://link.springer.com/article/10.1007/BF00236848,https://link.springer.com/content/pdf/10.1007/BF00236848.pdf
Intra-amniotic LPS causes acute neuroinflammation in preterm rhesus macaques,https://jneuroinflammation.biomedcentral.com/articles/10.1186/s12974-016-0706-4,https://jneuroinflammation.biomedcentral.com/articles/10.1186/s12974-016-0706-4
Somatotopic distribution of trigeminal nociceptive neurons in ventrobasal complex of cat thalamus,https://journals.physiology.org/doi/abs/10.1152/jn.1985.53.6.1387,https://journals.physiology.org/doi/pdf/10.1152/jn.1985.53.6.1387
Correlation of neural response properties with auditory thalamus subdivisions in the awake marmoset,https://journals.physiology.org/doi/abs/10.1152/jn.00238.2010,https://journals.physiology.org/doi/prev/20110316-aop/pdf/10.1152/jn.00238.2010
Thalamocortical connections of functional zones in posterior parietal cortex and frontal cortex motor regions in New World monkeys,https://academic.oup.com/cercor/article-abstract/20/10/2391/316677,https://academic.oup.com/cercor/article/20/10/2391/316677
"Dissociation of spatial-, object-, and sound-coding neurons in the mediodorsal nucleus of the primate thalamus",https://journals.physiology.org/doi/abs/10.1152/jn.00207.2002,https://journals.physiology.org/doi/full/10.1152/jn.00207.2002
Maintenance of a somatotopic cortical map in the face of diminishing thalamocortical inputs,https://www.pnas.org/doi/abs/10.1073/pnas.94.20.11003,https://www.pnas.org/doi/full/10.1073/pnas.94.20.11003
"Basal ganglia-thalamocortical circuits: parallel substrates for motor, oculomotor,“prefrontal” and “limbic” functions",https://www.sciencedirect.com/science/article/pii/S0079612308626783,https://www.sciencedirect.com/science/article/pii/S0079612308626783
Differential expression of vesicular glutamate transporters 1 and 2 may identify distinct modes of glutamatergic transmission in the macaque visual system,https://www.sciencedirect.com/science/article/pii/S0891061813000185,https://www.ncbi.nlm.nih.gov/pmc/articles/PMC3695749/
The mediodorsal pulvinar coordinates the macaque fronto-parietal network during rhythmic spatial attention,https://www.nature.com/articles/s41467-018-08151-4,https://www.nature.com/articles/s41467-018-08151-4
The limbic thalamus,https://neuro.psychiatryonline.org/doi/full/10.1176/jnp.16.2.127,https://neuro.psychiatryonline.org/doi/full/10.1176/jnp.16.2.127
"Topographical projections from the thalamus, subthalamic nucleus and pedunculopontine tegmental nucleus to the striatum in the Japanese monkey, Macaca fuscata",https://www.sciencedirect.com/science/article/pii/000689939090339D,"/scholar?output=instlink&q=info:YCASOL9ighIJ:scholar.google.com/&hl=en&as_sdt=1,5&scillfp=10849358016292376260&oi=lle"
Developmental changes in the expression of growth-associated protein-43 mRNA in the monkey thalamus: northern blot and in situ hybridization studies,https://www.sciencedirect.com/science/article/pii/S0306452205009243,https://core.ac.uk/download/pdf/56648314.pdf
Site of origin of projections from the thalamus to dorsal versus ventral aspects of the premotor cortex of monkeys,https://www.sciencedirect.com/science/article/pii/0168010294900698,"/scholar?output=instlink&q=info:Wq7eYxX1uqgJ:scholar.google.com/&hl=en&as_sdt=1,5&scillfp=13580350233619022762&oi=lle"
Brain pathology caused in the neonatal macaque by short and prolonged exposures to anticonvulsant drugs,https://www.sciencedirect.com/science/article/pii/S0969996120305210,https://www.sciencedirect.com/science/article/pii/S0969996120305210
Amyloid imaging in aged and young macaques with [11C]PIB and [18F]FDDNP,https://onlinelibrary.wiley.com/doi/abs/10.1002/syn.20508,https://onlinelibrary.wiley.com/doi/pdf/10.1002/syn.20508
Retinal ganglion cells that project to the dorsal lateral geniculate nucleus in the macaque monkey,https://www.sciencedirect.com/science/article/pii/030645228490006X,"/scholar?output=instlink&q=info:qVsV1yiefzUJ:scholar.google.com/&hl=en&as_sdt=1,5&scillfp=9713572387849661534&oi=lle"
Vestibular signals in macaque extrastriate visual cortex are functionally appropriate for heading perception,https://www.jneurosci.org/content/29/28/8936.short,https://www.jneurosci.org/content/jneuro/29/28/8936.full.pdf
The interrelation of the strio-pallidum and the thalamus in the macaque monkey,https://academic.oup.com/brain/article-abstract/68/4/331/266909,https://academic.oup.com/brain/article-pdf/68/4/331/741995/68-4-331.pdf
Five points on columns,https://www.frontiersin.org/articles/10.3389/fnana.2010.00022/full,https://www.frontiersin.org/articles/10.3389/fnana.2010.00022/full
Retinotopic organization of macaque pulvinar.,https://journals.physiology.org/doi/pdf/10.1152/jn.1981.46.3.672,https://journals.physiology.org/doi/pdf/10.1152/jn.1981.46.3.672
Cytoarchitectonic delineation of the ventral lateral thalamic region in the monkey,https://www.sciencedirect.com/science/article/pii/0165017383900140,"/scholar?output=instlink&q=info:2ak-r-JwtZkJ:scholar.google.com/&hl=en&as_sdt=1,5&scillfp=10306876513647751702&oi=lle"
Contrasting locations of pallidal-receiving neurons and microexcitable zones in primate thalamus,https://journals.physiology.org/doi/abs/10.1152/jn.1996.75.3.1105,https://journals.physiology.org/doi/pdf/10.1152/jn.1996.75.3.1105
Organization of the nigrothalamocortical system in the rhesus monkey,https://onlinelibrary.wiley.com/doi/abs/10.1002/cne.902360304,https://onlinelibrary.wiley.com/doi/pdf/10.1002/cne.902360304
"Intralaminar and medial thalamic influence on cortical synchrony, information transmission and cognition",https://www.frontiersin.org/articles/10.3389/fnsys.2014.00083/full,https://www.frontiersin.org/articles/10.3389/fnsys.2014.00083/full
Gating and control of primary visual cortex by pulvinar,https://www.nature.com/articles/nn.3106,https://www.nature.com/articles/nn.3106
Dynamics of orientation tuning in macaque primary visual cortex,https://www.nature.com/articles/387281a0,https://www.nature.com/articles/387281a0.pdf
Molecular organization of the ferret visual thalamus,https://www.jneurosci.org/content/24/44/9962.short,https://www.jneurosci.org/content/jneuro/24/44/9962.full.pdf
Recording of ventral posterior lateral thalamus neuron response to contact heat evoked potential in patient with neurogenic pain,https://www.sciencedirect.com/science/article/pii/S0304394004007591,https://www.researchgate.net/profile/Roy-Daniel-3/publication/8375675_Recording_of_ventral_posterior_lateral_thalamus_neuron_response_to_contact_heat_evoked_potential_in_patient_with_neurogenic_pain/links/5a70a9ab0f7e9ba2e1cb035d/Recording-of-ventral-posterior-lateral-thalamus-neuron-response-to-contact-heat-evoked-potential-in-patient-with-neurogenic-pain.pdf
The organization of connections between the pulvinar and visual area MT in the macaque monkey,https://www.sciencedirect.com/science/article/pii/000689938391020X,"/scholar?output=instlink&q=info:7Be0teCH0D4J:scholar.google.com/&hl=en&as_sdt=1,5&scillfp=6708513041067996738&oi=lle"
Organization of somatic motor inputs from the frontal lobe to the pedunculopontine tegmental nucleus in the macaque monkey,https://www.sciencedirect.com/science/article/pii/S0306452200000993,https://www.sciencedirect.com/science/article/pii/S0306452200000993
Architectonic Subdivisions of Neocortex in the Galago (Otolemur garnetti),https://anatomypubs.onlinelibrary.wiley.com/doi/abs/10.1002/ar.21109,https://anatomypubs.onlinelibrary.wiley.com/doi/pdfdirect/10.1002/ar.21109
Thalamocortical network: a core structure for integrative multimodal vestibular functions,https://journals.lww.com/co-neurology/Fulltext/2019/02000/Thalamocortical_network__a_core_structure_for.25.aspx,https://journals.lww.com/co-neurology/Fulltext/2019/02000/Thalamocortical_network__a_core_structure_for.25.aspx
Developmental expression patterns of CCR5 and CXCR4 in the rhesus macaque brain,https://www.sciencedirect.com/science/article/pii/S016557280100457X,https://www.sciencedirect.com/science/article/pii/S016557280100457X
The relationship between MI and SMA afferents and cerebellar and pallidal efferents in the macaque monkey,https://www.tandfonline.com/doi/abs/10.1080/08990220220131533,https://www.tandfonline.com/doi/pdf/10.1080/08990220220131533
Functional imaging of the thalamus in language,https://www.sciencedirect.com/science/article/pii/S0093934X12001095,https://www.sciencedirect.com/science/article/pii/S0093934X12001095
Thalamic connections of the core auditory cortex and rostral supratemporal plane in the macaque monkey,https://onlinelibrary.wiley.com/doi/abs/10.1002/cne.24283,https://onlinelibrary.wiley.com/doi/pdf/10.1002/cne.24283
Functional organization of the medial aspect of the primate cortex,https://journals.physiology.org/doi/pdf/10.1152/jn.1944.7.1.51,https://journals.physiology.org/doi/pdf/10.1152/jn.1944.7.1.51
Distribution of thalamic input to the sensorimotor cortex of the macaque monkey,https://link.springer.com/chapter/10.1007/978-1-349-11597-6_12,not found
"Ipsilateral cortical projections to areas 3a, 3b, and 4 in the macaque monkey",https://onlinelibrary.wiley.com/doi/abs/10.1002/cne.903350205,https://onlinelibrary.wiley.com/doi/pdf/10.1002/cne.903350205
Complementary subicular pathways to the anterior thalamic nuclei and mammillary bodies in the rat and macaque monkey brain,https://onlinelibrary.wiley.com/doi/abs/10.1111/ejn.13208,https://onlinelibrary.wiley.com/doi/pdfdirect/10.1111/ejn.13208
Organization of postcranial kinesthetic projections to the ventrobasal thalamus in raccoons,https://onlinelibrary.wiley.com/doi/abs/10.1002/cne.902580403,https://onlinelibrary.wiley.com/doi/pdf/10.1002/cne.902580403
The thalamus as a neuronal oscillator,https://www.sciencedirect.com/science/article/pii/0165017384900171,https://www.sciencedirect.com/science/article/pii/0165017384900171
Insular‐diencephalic connections in the macaque,https://onlinelibrary.wiley.com/doi/abs/10.1002/cne.901500402,https://onlinelibrary.wiley.com/doi/pdf/10.1002/cne.901500402
… of collateral projections of the dorsal lateral geniculate nucleus and other subcortical structures to cortical areas V1 and V4 in the macaque monkey: a double label …,https://link.springer.com/article/10.1007/BF00247317,https://link.springer.com/content/pdf/10.1007/BF00247317.pdf
Direct and indirect effects of fetal irradiation on cortical gray and white matter volume in the macaque,https://www.sciencedirect.com/science/article/pii/S0006322304010947,https://www.sciencedirect.com/science/article/pii/S0006322304010947
The brain circuitry of attention,https://www.cell.com/trends/cognitive-sciences/fulltext/S1364-6613(04)00075-0,https://www.sciencedirect.com/science/article/pii/S1364661304000750
Nucleus‐and cell‐specific expression of NMDA and non‐NMDA receptor subunits in monkey thalamus,https://onlinelibrary.wiley.com/doi/abs/10.1002/(SICI)1096-9861(19980803)397:3%3C371::AID-CNE5%3E3.0.CO;2-%23,https://onlinelibrary.wiley.com/doi/pdf/10.1002/(SICI)1096-9861(19980803)397:3%3C371::AID-CNE5%3E3.0.CO;2-%23
Nociceptive stimulation activates locus coeruleus neurones projecting to the somatosensory thalamus in the rat,https://physoc.onlinelibrary.wiley.com/doi/abs/10.1113/jphysiol.2005.086520,https://physoc.onlinelibrary.wiley.com/doi/pdfdirect/10.1113/jphysiol.2005.086520
Somatosensory thalamus of a prosimian primate (Galago senegalensis). II. An HRP and Golgi study of the ventral posterolateral nucleus (VPL),https://onlinelibrary.wiley.com/doi/abs/10.1002/cne.901900310,https://onlinelibrary.wiley.com/doi/pdfdirect/10.1002/cne.901900310
Termination zones of functionally characterized spinothalamic tract neurons within the primate posterior thalamus,https://journals.physiology.org/doi/abs/10.1152/jn.90810.2008,https://journals.physiology.org/doi/full/10.1152/jn.90810.2008
Developmental trajectory of magnetic susceptibility in the healthy rhesus macaque brain,https://analyticalsciencejournals.onlinelibrary.wiley.com/doi/abs/10.1002/nbm.4750,https://analyticalsciencejournals.onlinelibrary.wiley.com/doi/pdfdirect/10.1002/nbm.4750
Wait and see,https://www.sciencedirect.com/science/article/pii/S0167876001001799,https://www.sciencedirect.com/science/article/pii/S0167876001001799
"Thalamic projections to areas 3a, 3b, and 4 in the sensorimotor cortex of the mature and infant macaque monkey",https://onlinelibrary.wiley.com/doi/abs/10.1002/cne.903350204,https://onlinelibrary.wiley.com/doi/pdf/10.1002/cne.903350204
"… and patterns of connectivity of interneurons containing calbindin, calretinin, and parvalbumin in visual areas of the occipital and temporal lobes of the macaque …",https://onlinelibrary.wiley.com/doi/abs/10.1002/(SICI)1096-9861(19990927)412:3%3C515::AID-CNE10%3E3.0.CO;2-1,https://onlinelibrary.wiley.com/doi/pdf/10.1002/%28SICI%291096-9861%2819990927%29412%3A3%3C515%3A%3AAID-CNE10%3E3.0.CO%3B2-1
The role of the thalamus in the flow of information to the cortex,https://royalsocietypublishing.org/doi/abs/10.1098/rstb.2002.1161,https://www.ncbi.nlm.nih.gov/pmc/articles/PMC1693087/pdf/12626004.pdf
"Gonadotropin‐inhibitory hormone identification, cDNA cloning, and distribution in rhesus macaque brain",https://onlinelibrary.wiley.com/doi/abs/10.1002/cne.22191,https://onlinelibrary.wiley.com/doi/pdf/10.1002/cne.22191
The thalamus of the chimpanzee: IV. Thalamic projections to the cerebral cortex1,https://www.ncbi.nlm.nih.gov/pmc/articles/PMC1252530/,https://www.ncbi.nlm.nih.gov/pmc/articles/PMC1252530/pdf/janat00522-0048.pdf
"… of the projections of the dorsal lateral geniculate nucleus, the inferior pulvinar and adjacent lateral pulvinar to primary visual cortex (area 17) in the macaque monkey",https://www.sciencedirect.com/science/article/pii/0006899379902609,"/scholar?output=instlink&q=info:AXcmix8OoyoJ:scholar.google.com/&hl=en&as_sdt=1,5&scillfp=17254169222902045348&oi=lle"
SPP1 is expressed in corticospinal neurons of the macaque sensorimotor cortex,https://onlinelibrary.wiley.com/doi/abs/10.1002/cne.22356,https://onlinelibrary.wiley.com/doi/pdf/10.1002/cne.22356
Thalamocortical NMDA conductances and intracortical inhibition can explain cortical temporal tuning,https://www.nature.com/articles/nn0401_424,https://www.nature.com/articles/nn0401_424
Retrograde analyses of spinothalamic projections in the macaque monkey: input to ventral posterior nuclei,https://onlinelibrary.wiley.com/doi/abs/10.1002/cne.21154,https://onlinelibrary.wiley.com/doi/pdf/10.1002/cne.21154
Anatomical origins of the classical receptive field and modulatory surround field of single neurons in macaque visual cortical area V1,https://www.sciencedirect.com/science/article/pii/S007961230236031X,https://www.cns.nyu.edu/~tony/vns/readings/angelucci-levitt-lund-2002.pdf
The role of the thalamus in motor control,https://www.sciencedirect.com/science/article/pii/S0959438803001697,https://dukespace.lib.duke.edu/dspace/bitstream/handle/10161/11747/Sommer2003-RoleOfThalamusInMotorControl.pdf?sequence=1&isAllowed=y
Calcium-binding proteins as markers of layer-I projecting vs. deep layer-projecting thalamocortical neurons: a double-labeling analysis in the rat,https://www.sciencedirect.com/science/article/pii/S030645220700958X,not found
Labeled oxytocin administered via the intranasal route reaches the brain in rhesus macaques,https://www.nature.com/articles/s41467-020-15942-1,https://www.nature.com/articles/s41467-020-15942-1
Auditory-visual interaction in single cells in the cortex of the superior temporal sulcus and the orbital frontal cortex of the macaque monkey,https://www.sciencedirect.com/science/article/pii/0014488677901121,"/scholar?output=instlink&q=info:1J8o5dCSOjoJ:scholar.google.com/&hl=en&as_sdt=1,5&scillfp=1951642137468326714&oi=lle"
Supplementary eye field as defined by intracortical microstimulation: connections in macaques,https://onlinelibrary.wiley.com/doi/abs/10.1002/cne.902930211,https://onlinelibrary.wiley.com/doi/pdf/10.1002/cne.902930211
Cortical activity influences geniculocortical spike efficacy in the macaque monkey,https://www.frontiersin.org/articles/10.3389/neuro.07.003.2007/full,https://www.frontiersin.org/articles/10.3389/neuro.07.003.2007/full
Altered regional homogeneity of brain spontaneous signals in SIV infected rhesus macaque model,https://www.sciencedirect.com/science/article/pii/S0730725X16301928,"/scholar?output=instlink&q=info:3x5EDsYmWfkJ:scholar.google.com/&hl=en&as_sdt=1,5&scillfp=1221299039782411509&oi=lle"
Cortical reorganization and deafferentation in adult macaques,https://www.science.org/doi/pdf/10.1126/science.8036500,https://www.science.org/doi/pdf/10.1126/science.8036500
"Paraventricular thalamic nucleus: Subcortical connections and innervation by serotonin, orexin, and corticotropin‐releasing hormone in macaque monkeys",https://onlinelibrary.wiley.com/doi/abs/10.1002/cne.21934,https://onlinelibrary.wiley.com/doi/pdf/10.1002/cne.21934
Morphologic characterization of trigeminothalamic terminal arbors arising from the principal nucleus in the macaque,https://www.frontiersin.org/articles/10.3389/fnana.2020.562673/full,https://www.frontiersin.org/articles/10.3389/fnana.2020.562673/full
Coherent ultrasound scattering in the young rhesus macaque brain: Effects of exposure to anesthetics,https://ieeexplore.ieee.org/abstract/document/8580203/,not found
Photic sensitivity of macaque monkey and pulvinar neurons,https://link.springer.com/chapter/10.1007/978-3-540-35397-3_46,not found
Postnatal maturation of the direct corticospinal projections in the macaque monkey,https://academic.oup.com/cercor/article-abstract/5/6/518/309841,"/scholar?output=instlink&q=info:e--FNe1HY8YJ:scholar.google.com/&hl=en&as_sdt=1,5&scillfp=2959128590245726563&oi=lle"
Termination of the brachium conjunctivum in the thalamus of the macaque monkey,https://onlinelibrary.wiley.com/doi/abs/10.1002/cne.900690307,https://onlinelibrary.wiley.com/doi/pdf/10.1002/cne.900690307
Developmental interactions between thalamus and cortex: a true love reciprocal story,https://www.sciencedirect.com/science/article/pii/S0959438817302957,https://www.ncbi.nlm.nih.gov/pmc/articles/PMC7611016/
Synaptogenesis in the occipital cortex of macaque monkey devoid of retinal input from early embryonic stages,https://onlinelibrary.wiley.com/doi/abs/10.1111/j.1460-9568.1996.tb01581.x,https://onlinelibrary.wiley.com/doi/pdf/10.1111/j.1460-9568.1996.tb01581.x
Graded cooling of the skin activates the insular cortex in the anesthetized macaque monkey,https://pure.mpg.de/pubman/faces/ViewItemOverviewPage.jsp?itemId=item_1789099,not found
Role of thalamus in pain,https://www.sciencedirect.com/science/article/pii/S0079612300290183/pdf?md5=9d756e9fdb60bcdd11c1d779931570b5&pid=1-s2.0-S0079612300290183-main.pdf,not found
not found,not found,not found
Different glutamate receptors convey feedforward and recurrent processing in macaque V1,https://www.pnas.org/doi/abs/10.1073/pnas.1119527109,https://www.pnas.org/doi/full/10.1073/pnas.1119527109
Transcranial cavitation detection in primates during blood-brain barrier opening-a performance assessment study,https://ieeexplore.ieee.org/abstract/document/6819212/,https://ieeexplore.ieee.org/iel7/58/6819200/06819212.pdf
Reciprocal thalamocortical connectivity of the medial pulvinar: a depth stimulation and evoked potential study in human brain,https://academic.oup.com/cercor/article-abstract/19/6/1462/388562,https://academic.oup.com/cercor/article/19/6/1462/388562
Cerebello-cerebral projections onto the ventral part of the frontal cortex of the macaque monkey,https://www.sciencedirect.com/science/article/pii/S0304394097004771,https://www.sciencedirect.com/science/article/pii/S0304394097004771
Caring for HIV/AIDs orphans in Uganda,https://www.cmaj.ca/content/182/15/E707.short,https://www.cmaj.ca/content/cmaj/182/15/E707.full.pdf
A role for the dorsal column in nociceptive visceral input into the thalamus of primates,https://journals.physiology.org/doi/abs/10.1152/jn.1998.79.6.3143,https://journals.physiology.org/doi/full/10.1152/jn.1998.79.6.3143
not found,not found,not found
not found,not found,"/scholar?output=instlink&q=info:VzK_I-rtpsUJ:scholar.google.com/&hl=en&as_sdt=1,5&scillfp=12891484114647822011&oi=lle"
not found,not found,not found
Dynamics of neuronal adaptation in macaque MT,https://www.frontiersin.org/10.3389/conf.neuro.10.2008.01.093/event_abstract,not found
Recall deficits in stroke patients with thalamic lesions covary with damage to the parvocellular mediodorsal nucleus of the thalamus,https://www.sciencedirect.com/science/article/pii/S0028393212002692,https://www.sciencedirect.com/science/article/pii/S0028393212002692
Histochemical and architectonic differentiation of zones of pretectal and collicular inputs to the pulvinar and dorsal lateral geniculate nuclei in the macaque,https://onlinelibrary.wiley.com/doi/abs/10.1002/cne.902500403,https://onlinelibrary.wiley.com/doi/pdf/10.1002/cne.902500403
Pruriceptive spinothalamic tract neurons: physiological properties and projection targets in the primate,https://journals.physiology.org/doi/abs/10.1152/jn.00206.2012,https://journals.physiology.org/doi/prev/20120620-aop/pdf/10.1152/jn.00206.2012
“Black” responses dominate macaque primary visual cortex v1,https://www.jneurosci.org/content/29/38/11753.short,https://www.jneurosci.org/content/jneuro/29/38/11753.full.pdf
Structure-specific glial response in a macaque model of neuroAIDS: multivoxel proton magnetic resonance spectroscopic imaging at 3 Tesla,https://journals.lww.com/aidsonline/Fulltext/2013/10230/Structure_specific_glial_response_in_a_macaque.3.aspx,https://journals.lww.com/aidsonline/Fulltext/2013/10230/Structure_specific_glial_response_in_a_macaque.3.aspx
The somatosensory thalamus of monkeys: cortical connections and a redefinition of nuclei in marmosets,https://onlinelibrary.wiley.com/doi/abs/10.1002/cne.903190111,https://onlinelibrary.wiley.com/doi/pdf/10.1002/cne.903190111
Dynamics of spatial frequency tuning in macaque V1,https://www.jneurosci.org/content/22/5/1976.short,https://www.jneurosci.org/content/jneuro/22/5/1976.full.pdf
Cognitive control of movement via the cerebellar-recipient thalamus,https://www.frontiersin.org/articles/10.3389/fnsys.2013.00056/full,https://www.frontiersin.org/articles/10.3389/fnsys.2013.00056/full
Limbic thalamus and state-dependent behavior: the paraventricular nucleus of the thalamic midline as a node in circadian timing and sleep/wake-regulatory networks,https://www.sciencedirect.com/science/article/pii/S014976341400325X,not found
Morphological substrates for parallel streams of corticogeniculate feedback originating in both V1 and V2 of the macaque monkey,https://www.cell.com/neuron/pdf/S0896-6273(16)00175-6.pdf,https://www.cell.com/neuron/pdf/S0896-6273(16)00175-6.pdf
Pallido-thalamo-motor cortical connections: an electron microscopic study in the macaque monkey,https://www.sciencedirect.com/science/article/pii/0006899395013385,"/scholar?output=instlink&q=info:Sf8JDKiuaNcJ:scholar.google.com/&hl=en&as_sdt=1,5&scillfp=16225163582381954177&oi=lle"
Sensory and premotor connections of the orbital and medial prefrontal cortex of macaque monkeys,https://onlinelibrary.wiley.com/doi/abs/10.1002/cne.903630409,https://onlinelibrary.wiley.com/doi/pdf/10.1002/cne.903630409
The organization of the basal ganglia-thalamocortical circuits: open interconnected rather than closed segregated,https://www.sciencedirect.com/science/article/pii/0306452294905363,https://www.sciencedirect.com/science/article/pii/0306452294905363
Dopamine neuron-specific optogenetic stimulation in rhesus macaques,https://www.cell.com/fulltext/S0092-8674(16)31075-3,https://www.cell.com/fulltext/S0092-8674(16)31075-3
The thalamus,https://books.google.com/books?hl=en&lr=&id=myULCAAAQBAJ&oi=fnd&pg=PA3&dq=macaque+thalamus+OR+thalamocortical+OR+thalamo-cortical&ots=eCgBCjoV89&sig=MmU800-udyOX5iK0TUXxY1HeSlk,https://ibro.org/wp-content/uploads/2018/07/The-Thalamus.pdf
Cytochrome oxidase staining facilitates unequivocal visualization of the primary gustatory area in the fronto-operculo-insular cortex of macaque monkeys,https://www.sciencedirect.com/science/article/pii/030439409190227K,"/scholar?output=instlink&q=info:Rr-onvNc-BsJ:scholar.google.com/&hl=en&as_sdt=1,5&scillfp=12682800307235036864&oi=lle"
Distinctive spatial and laminar organization of single axons from lateral pulvinar in the macaque,https://www.mdpi.com/2411-5150/4/1/1,https://www.mdpi.com/2411-5150/4/1/1/htm
Molecular abnormalities of the glutamate synapse in the thalamus in schizophrenia,https://nyaspubs.onlinelibrary.wiley.com/doi/abs/10.1196/annals.1300.005,https://nyaspubs.onlinelibrary.wiley.com/doi/pdfdirect/10.1196/annals.1300.005
Insular cortex and neighboring fields in the cat: a redefinition based on cortical microarchitecture and connections with the thalamus,https://onlinelibrary.wiley.com/doi/abs/10.1002/(SICI)1096-9861(19970804)384:3%3C456::AID-CNE10%3E3.0.CO;2-H,https://onlinelibrary.wiley.com/doi/pdf/10.1002/%28SICI%291096-9861%2819970804%29384%3A3%3C456%3A%3AAID-CNE10%3E3.0.CO%3B2-H
On variability in the density of corticocortical and thalamocortical connections,https://royalsocietypublishing.org/doi/abs/10.1098/rstb.2000.0547,https://www.ncbi.nlm.nih.gov/pmc/articles/PMC1692721/pdf/10703042.pdf
Effective connectivity of the macaque amygdala after kindling assessed by electrical microstimulation during functional MRI,https://lirias.kuleuven.be/1778148?limo=0,not found
Independent parcellation of the embryonic visual cortex and thalamus revealed by combinatorial Eph/ephrin gene expression,https://www.cell.com/fulltext/S0960-9822(00)00043-9,https://www.cell.com/fulltext/S0960-9822(00)00043-9
Distribution of neurons immunoreactive for parvalbumin and calbindin in the somatosensory thalamus of the raccoon,https://onlinelibrary.wiley.com/doi/abs/10.1002/(SICI)1096-9861(19971110)388:1%3C120::AID-CNE8%3E3.0.CO;2-3,https://onlinelibrary.wiley.com/doi/pdf/10.1002/%28SICI%291096-9861%2819971110%29388%3A1%3C120%3A%3AAID-CNE8%3E3.0.CO%3B2-3
Connections of area 2 of somatosensory cortex with the anterior pulvinar and subdivisions of the ventroposterior complex in macaque monkeys,https://onlinelibrary.wiley.com/doi/abs/10.1002/cne.902400103,https://onlinelibrary.wiley.com/doi/pdf/10.1002/cne.902400103
The koniocellular pathway in primate vision,https://www.annualreviews.org/doi/abs/10.1146/annurev.neuro.23.1.127,https://www.annualreviews.org/doi/full/10.1146/annurev.neuro.23.1.127
"The rostral projections of the primate vestibular nuclei: an experimental study in macaque, baboon and chimpanzee",https://onlinelibrary.wiley.com/doi/abs/10.1002/cne.901350103,https://onlinelibrary.wiley.com/doi/pdf/10.1002/cne.901350103
THE MACAQUE MONKEY,https://books.google.com/books?hl=en&lr=&id=ViL5BwAAQBAJ&oi=fnd&pg=PA11&dq=macaque+thalamus+OR+thalamocortical+OR+thalamo-cortical&ots=29rhV4KpYc&sig=GkGKV_Q1M4QTJlG7pjklpM4Aj1k,not found
Thalamic and brainstem contributions to large-scale plasticity of primate somatosensory cortex,https://www.science.org/doi/abs/10.1126/science.282.5391.1121,https://www.science.org/doi/pdf/10.1126/science.282.5391.1121
Neuronal network-based mathematical modeling of perceived verticality in acute unilateral vestibular lesions: from nerve to thalamus and cortex,https://link.springer.com/article/10.1007/s00415-018-8909-5,https://link.springer.com/article/10.1007/s00415-018-8909-5
Pharmacological modulation of brain activation to non-noxious stimulation in a cynomolgus macaque model of peripheral nerve injury,https://journals.sagepub.com/doi/abs/10.1177/17448069211008697,https://journals.sagepub.com/doi/pdf/10.1177/17448069211008697
Efferent connections of the anteromedial nucleus of the thalamus of the rat,https://www.sciencedirect.com/science/article/pii/S0165017399000065,https://www.sciencedirect.com/science/article/pii/S0165017399000065
not found,not found,not found
The origins of thalamic inputs to grasp zones in frontal cortex of macaque monkeys,https://link.springer.com/article/10.1007/s00429-015-1091-y,https://link.springer.com/article/10.1007/s00429-015-1091-y
Modeling sleep and wakefulness in the thalamocortical system,https://journals.physiology.org/doi/abs/10.1152/jn.00915.2004,https://journals.physiology.org/doi/full/10.1152/jn.00915.2004
Substantia nigra output to prefrontal cortex via thalamus in monkeys. II. Activity of thalamic relay neurons in delayed conditional go/no-go discrimination task,https://journals.physiology.org/doi/abs/10.1152/jn.91288.2008,https://journals.physiology.org/doi/prev/20090819-aop/pdf/10.1152/jn.91288.2008
"Connections of calbindin-D28k-defined subdivisions in inferior pulvinar with visual areas V2, V4 and MT in macaque monkeys",https://www.cambridge.org/core/journals/thalamus-and-related-systems/article/connections-of-calbindind28kdefined-subdivisions-in-inferior-pulvinar-with-visual-areas-v2-v4-and-mt-in-macaque-monkeys/E9EECDE5BD916E8DA8A25EE2C73DBE92,https://www.researchgate.net/profile/Jaime-Olavarria/publication/329307836_Connections_of_calbindin-D28k-defined_subdivisions_in_inferior_pulvinar_with_visual_areas_V2_V_4_and_MT_in_macaque_monkeys/links/5c00c3aaa6fdcc1b8d4a9f0b/Connections-of-calbindin-D28k-defined-subdivisions-in-inferior-pulvinar-with-visual-areas-V2-V-4-and-MT-in-macaque-monkeys.pdf
not found,not found,"/scholar?output=instlink&q=info:q9qKjNBqjkUJ:scholar.google.com/&hl=en&as_sdt=1,5&scillfp=1447525187537473227&oi=lle"
not found,not found,not found
"Morphology of visual sector thalamic reticular neurons in the macaque monkey suggests retinotopically specialized, parallel stream‐mixed input to the lateral …",https://onlinelibrary.wiley.com/doi/abs/10.1002/cne.24134,https://onlinelibrary.wiley.com/doi/pdf/10.1002/cne.24134
Overlapping striatal distribution of cortical inputs from the primary and supplementary motor areas in the Macaque monkey,https://link.springer.com/chapter/10.1007/978-1-4899-0194-1_2,not found
MACAQUE MONKEYS,https://books.google.com/books?hl=en&lr=&id=ViL5BwAAQBAJ&oi=fnd&pg=PA19&dq=macaque+thalamus+OR+thalamocortical+OR+thalamo-cortical&ots=29rhV4KpZc&sig=sIshyxpzmT4M3mCVOgK23oILdIY,not found
